Frame,Class,Make,Model,Color,Probability,Coordinates,Frame Path
1,car,Toyota Corolla  2012,Sedan,White,0.059,"(2043, 879, 2427, 1226)",vehicle_classification/frames_with_vehicles/frame_0.jpg
1,car,Infiniti G  IPL 2012,Coupe,Black,0.094,"(2, 687, 354, 985)",vehicle_classification/frames_with_vehicles/frame_0.jpg
1,car,Toyota Corolla  2012,Sedan,Black,0.168,"(752, 1369, 1430, 1982)",vehicle_classification/frames_with_vehicles/frame_0.jpg
1,car,FIAT 500 Abarth 2012,,White,0.105,"(1150, 1303, 1645, 1800)",vehicle_classification/frames_with_vehicles/frame_0.jpg
1,car,Suzuki SX4  2012,Sedan,Black,0.063,"(2197, 1154, 2785, 1736)",vehicle_classification/frames_with_vehicles/frame_0.jpg
1,car,BMW X5  2007,SUV,White,0.259,"(1246, 1008, 1745, 1426)",vehicle_classification/frames_with_vehicles/frame_0.jpg
1,car,Geo Metro  1993,Convertible,White,0.163,"(476, 1961, 1172, 2151)",vehicle_classification/frames_with_vehicles/frame_0.jpg
1,car,Toyota Corolla  2012,Sedan,White,0.065,"(1294, 840, 1676, 1062)",vehicle_classification/frames_with_vehicles/frame_0.jpg
1,car,Audi A5  2012,Coupe,White,0.153,"(597, 583, 807, 773)",vehicle_classification/frames_with_vehicles/frame_0.jpg
1,car,Ford Freestar  2007,Minivan,White,0.121,"(2236, 810, 2553, 1056)",vehicle_classification/frames_with_vehicles/frame_0.jpg
1,bus,Ram C/V Cargo  Minivan 2012,Van,White,0.053,"(2127, 451, 2421, 714)",vehicle_classification/frames_with_vehicles/frame_0.jpg
1,truck,Toyota Corolla  2012,Sedan,White,0.032,"(286, 539, 608, 881)",vehicle_classification/frames_with_vehicles/frame_0.jpg
1,car,Audi A5  2012,Coupe,White,0.239,"(2220, 1056, 2668, 1227)",vehicle_classification/frames_with_vehicles/frame_0.jpg
1,car,Land Rover LR2  2012,SUV,White,0.028,"(2280, 1706, 3326, 2150)",vehicle_classification/frames_with_vehicles/frame_0.jpg
1,car,Volkswagen Beetle back 2012,Hatch,White,0.059,"(1479, 769, 1787, 1079)",vehicle_classification/frames_with_vehicles/frame_0.jpg
1,car,Nissan Leaf back 2012,Hatch,White,0.024,"(1403, 672, 1694, 837)",vehicle_classification/frames_with_vehicles/frame_0.jpg
1,car,Nissan Leaf back 2012,Hatch,White,0.116,"(2090, 691, 2435, 898)",vehicle_classification/frames_with_vehicles/frame_0.jpg
1,car,Volkswagen Beetle back 2012,Hatch,White,0.114,"(843, 584, 972, 725)",vehicle_classification/frames_with_vehicles/frame_0.jpg
1,truck,Audi A5  2012,Coupe,White,0.028,"(2259, 1706, 3330, 2140)",vehicle_classification/frames_with_vehicles/frame_0.jpg
1,car,Scion xD back 2012,Hatch,White,0.257,"(2445, 585, 2609, 762)",vehicle_classification/frames_with_vehicles/frame_0.jpg
1,car,Audi A5  2012,Coupe,White,0.151,"(956, 622, 1084, 689)",vehicle_classification/frames_with_vehicles/frame_0.jpg
1,car,Toyota 4Runner  2012,SUV,White,0.051,"(746, 589, 891, 733)",vehicle_classification/frames_with_vehicles/frame_0.jpg
1,car,Scion xD back 2012,Hatch,White,0.298,"(1551, 576, 1805, 786)",vehicle_classification/frames_with_vehicles/frame_0.jpg
1,car,Dodge Caravan  1997,Minivan,White,0.050,"(747, 577, 887, 700)",vehicle_classification/frames_with_vehicles/frame_0.jpg
2,car,Toyota Corolla  2012,Sedan,White,0.060,"(2043, 879, 2427, 1226)",vehicle_classification/frames_with_vehicles/frame_1.jpg
2,car,Infiniti G  IPL 2012,Coupe,Black,0.087,"(2, 688, 354, 985)",vehicle_classification/frames_with_vehicles/frame_1.jpg
2,car,Toyota Corolla  2012,Sedan,Black,0.169,"(752, 1369, 1430, 1982)",vehicle_classification/frames_with_vehicles/frame_1.jpg
2,car,FIAT 500 Abarth 2012,,White,0.106,"(1150, 1303, 1645, 1800)",vehicle_classification/frames_with_vehicles/frame_1.jpg
2,car,Suzuki SX4  2012,Sedan,Black,0.066,"(2197, 1154, 2785, 1736)",vehicle_classification/frames_with_vehicles/frame_1.jpg
2,car,BMW X5  2007,SUV,White,0.258,"(1246, 1008, 1745, 1426)",vehicle_classification/frames_with_vehicles/frame_1.jpg
2,car,Geo Metro  1993,Convertible,White,0.184,"(477, 1961, 1172, 2151)",vehicle_classification/frames_with_vehicles/frame_1.jpg
2,car,Toyota Corolla  2012,Sedan,White,0.066,"(1294, 840, 1676, 1062)",vehicle_classification/frames_with_vehicles/frame_1.jpg
2,car,Audi A5  2012,Coupe,White,0.156,"(597, 583, 807, 773)",vehicle_classification/frames_with_vehicles/frame_1.jpg
2,car,Ford Freestar  2007,Minivan,White,0.124,"(2236, 810, 2553, 1056)",vehicle_classification/frames_with_vehicles/frame_1.jpg
2,bus,Ram C/V Cargo  Minivan 2012,Van,White,0.056,"(2127, 450, 2421, 715)",vehicle_classification/frames_with_vehicles/frame_1.jpg
2,truck,Toyota Corolla  2012,Sedan,White,0.031,"(285, 539, 608, 881)",vehicle_classification/frames_with_vehicles/frame_1.jpg
2,car,Audi A5  2012,Coupe,White,0.241,"(2220, 1056, 2668, 1227)",vehicle_classification/frames_with_vehicles/frame_1.jpg
2,car,Audi A5  2012,Coupe,White,0.027,"(2282, 1707, 3326, 2150)",vehicle_classification/frames_with_vehicles/frame_1.jpg
2,car,Volkswagen Beetle back 2012,Hatch,White,0.060,"(1479, 769, 1787, 1079)",vehicle_classification/frames_with_vehicles/frame_1.jpg
2,car,Audi A5  2012,Coupe,White,0.029,"(1407, 670, 1704, 845)",vehicle_classification/frames_with_vehicles/frame_1.jpg
2,car,Nissan Leaf back 2012,Hatch,White,0.115,"(2092, 691, 2435, 898)",vehicle_classification/frames_with_vehicles/frame_1.jpg
2,car,Volkswagen Beetle back 2012,Hatch,White,0.111,"(843, 584, 972, 724)",vehicle_classification/frames_with_vehicles/frame_1.jpg
2,truck,Audi A5  2012,Coupe,White,0.028,"(2259, 1706, 3330, 2140)",vehicle_classification/frames_with_vehicles/frame_1.jpg
2,car,Scion xD back 2012,Hatch,White,0.224,"(2445, 586, 2610, 762)",vehicle_classification/frames_with_vehicles/frame_1.jpg
2,car,Audi A5  2012,Coupe,White,0.150,"(956, 622, 1084, 689)",vehicle_classification/frames_with_vehicles/frame_1.jpg
2,car,Toyota 4Runner  2012,SUV,White,0.054,"(746, 589, 891, 733)",vehicle_classification/frames_with_vehicles/frame_1.jpg
2,car,Scion xD back 2012,Hatch,White,0.270,"(1551, 576, 1805, 787)",vehicle_classification/frames_with_vehicles/frame_1.jpg
2,car,Volkswagen Beetle back 2012,Hatch,White,0.053,"(747, 577, 887, 702)",vehicle_classification/frames_with_vehicles/frame_1.jpg
3,car,Dodge Caravan  1997,Minivan,White,0.098,"(2042, 877, 2428, 1228)",vehicle_classification/frames_with_vehicles/frame_2.jpg
3,car,Eagle Talon back 1998,Hatch,Black,0.073,"(3, 687, 357, 982)",vehicle_classification/frames_with_vehicles/frame_2.jpg
3,car,Toyota Corolla  2012,Sedan,Black,0.168,"(751, 1373, 1424, 1991)",vehicle_classification/frames_with_vehicles/frame_2.jpg
3,car,FIAT 500 Abarth 2012,,White,0.143,"(1145, 1306, 1647, 1805)",vehicle_classification/frames_with_vehicles/frame_2.jpg
3,car,Suzuki SX4  2012,Sedan,Black,0.072,"(2201, 1164, 2783, 1741)",vehicle_classification/frames_with_vehicles/frame_2.jpg
3,car,BMW X5  2007,SUV,White,0.264,"(1246, 1010, 1744, 1426)",vehicle_classification/frames_with_vehicles/frame_2.jpg
3,car,Geo Metro  1993,Convertible,White,0.130,"(484, 1968, 1169, 2151)",vehicle_classification/frames_with_vehicles/frame_2.jpg
3,car,Nissan Leaf back 2012,Hatch,White,0.088,"(1293, 843, 1678, 1065)",vehicle_classification/frames_with_vehicles/frame_2.jpg
3,car,Audi A5  2012,Coupe,White,0.203,"(598, 583, 808, 773)",vehicle_classification/frames_with_vehicles/frame_2.jpg
3,car,Ford Freestar  2007,Minivan,White,0.106,"(2234, 810, 2555, 1059)",vehicle_classification/frames_with_vehicles/frame_2.jpg
3,truck,Toyota Corolla  2012,Sedan,White,0.038,"(283, 540, 611, 880)",vehicle_classification/frames_with_vehicles/frame_2.jpg
3,bus,Ram C/V Cargo  Minivan 2012,Van,White,0.074,"(2125, 451, 2421, 712)",vehicle_classification/frames_with_vehicles/frame_2.jpg
3,car,Audi A5  2012,Coupe,White,0.157,"(2221, 1057, 2668, 1229)",vehicle_classification/frames_with_vehicles/frame_2.jpg
3,car,smart fortwo  2012,Convertible,White,0.089,"(1463, 768, 1791, 1069)",vehicle_classification/frames_with_vehicles/frame_2.jpg
3,car,Nissan Leaf back 2012,Hatch,White,0.028,"(1402, 671, 1692, 837)",vehicle_classification/frames_with_vehicles/frame_2.jpg
3,car,Land Rover LR2  2012,SUV,White,0.046,"(2287, 1715, 3322, 2150)",vehicle_classification/frames_with_vehicles/frame_2.jpg
3,car,Nissan Leaf back 2012,Hatch,White,0.121,"(2085, 690, 2437, 896)",vehicle_classification/frames_with_vehicles/frame_2.jpg
3,truck,Audi A5  2012,Coupe,White,0.028,"(2265, 1714, 3326, 2140)",vehicle_classification/frames_with_vehicles/frame_2.jpg
3,car,Volkswagen Beetle back 2012,Hatch,White,0.094,"(842, 583, 971, 724)",vehicle_classification/frames_with_vehicles/frame_2.jpg
3,car,Audi A5  2012,Coupe,White,0.120,"(956, 622, 1084, 688)",vehicle_classification/frames_with_vehicles/frame_2.jpg
3,car,Scion xD back 2012,Hatch,White,0.281,"(2446, 591, 2615, 769)",vehicle_classification/frames_with_vehicles/frame_2.jpg
3,car,Toyota Corolla  2012,Sedan,White,0.080,"(743, 586, 892, 733)",vehicle_classification/frames_with_vehicles/frame_2.jpg
3,car,Infiniti G  IPL 2012,Coupe,White,0.045,"(1325, 612, 1438, 724)",vehicle_classification/frames_with_vehicles/frame_2.jpg
3,car,Dodge Caravan  1997,Minivan,White,0.116,"(2332, 821, 2558, 1064)",vehicle_classification/frames_with_vehicles/frame_2.jpg
3,car,Ford Freestar  2007,Minivan,White,0.083,"(1551, 578, 1798, 737)",vehicle_classification/frames_with_vehicles/frame_2.jpg
4,car,Toyota Corolla  2012,Sedan,White,0.053,"(2043, 880, 2429, 1229)",vehicle_classification/frames_with_vehicles/frame_3.jpg
4,car,Eagle Talon back 1998,Hatch,Black,0.114,"(0, 685, 367, 980)",vehicle_classification/frames_with_vehicles/frame_3.jpg
4,car,Dodge Caravan  1997,Minivan,Black,0.072,"(2193, 1169, 2784, 1747)",vehicle_classification/frames_with_vehicles/frame_3.jpg
4,car,FIAT 500 Abarth 2012,,White,0.118,"(1147, 1311, 1647, 1809)",vehicle_classification/frames_with_vehicles/frame_3.jpg
4,car,Toyota Corolla  2012,Sedan,Black,0.128,"(748, 1377, 1424, 1997)",vehicle_classification/frames_with_vehicles/frame_3.jpg
4,car,BMW X5  2007,SUV,White,0.277,"(1246, 1011, 1742, 1429)",vehicle_classification/frames_with_vehicles/frame_3.jpg
4,car,Volkswagen Beetle back 2012,Hatch,White,0.065,"(482, 1981, 1166, 2152)",vehicle_classification/frames_with_vehicles/frame_3.jpg
4,car,Nissan Leaf back 2012,Hatch,White,0.077,"(1295, 842, 1675, 1063)",vehicle_classification/frames_with_vehicles/frame_3.jpg
4,car,Audi A5  2012,Coupe,White,0.108,"(599, 585, 815, 774)",vehicle_classification/frames_with_vehicles/frame_3.jpg
4,car,Ford Freestar  2007,Minivan,White,0.158,"(2230, 809, 2555, 1063)",vehicle_classification/frames_with_vehicles/frame_3.jpg
4,bus,Ram C/V Cargo  Minivan 2012,Van,White,0.052,"(2125, 450, 2423, 716)",vehicle_classification/frames_with_vehicles/frame_3.jpg
4,truck,Toyota Corolla  2012,Sedan,White,0.050,"(283, 541, 614, 870)",vehicle_classification/frames_with_vehicles/frame_3.jpg
4,car,Ford F-150 2007, Regular Cab,White,0.123,"(2213, 1058, 2672, 1241)",vehicle_classification/frames_with_vehicles/frame_3.jpg
4,car,Toyota Corolla  2012,Sedan,White,0.050,"(1472, 768, 1788, 1082)",vehicle_classification/frames_with_vehicles/frame_3.jpg
4,car,Audi A5  2012,Coupe,White,0.028,"(2293, 1712, 3333, 2149)",vehicle_classification/frames_with_vehicles/frame_3.jpg
4,car,Nissan Leaf back 2012,Hatch,White,0.150,"(2097, 691, 2436, 898)",vehicle_classification/frames_with_vehicles/frame_3.jpg
4,car,Nissan Leaf back 2012,Hatch,White,0.091,"(1396, 666, 1684, 830)",vehicle_classification/frames_with_vehicles/frame_3.jpg
4,car,Infiniti G  IPL 2012,Coupe,White,0.074,"(746, 583, 893, 724)",vehicle_classification/frames_with_vehicles/frame_3.jpg
4,car,Infiniti G  IPL 2012,Coupe,White,0.097,"(848, 581, 968, 692)",vehicle_classification/frames_with_vehicles/frame_3.jpg
4,truck,Land Rover LR2  2012,SUV,White,0.026,"(2277, 1713, 3334, 2140)",vehicle_classification/frames_with_vehicles/frame_3.jpg
4,car,Audi A5  2012,Coupe,White,0.096,"(959, 622, 1084, 687)",vehicle_classification/frames_with_vehicles/frame_3.jpg
4,car,Dodge Caravan  1997,Minivan,White,0.086,"(2328, 824, 2559, 1064)",vehicle_classification/frames_with_vehicles/frame_3.jpg
4,car,Scion xD back 2012,Hatch,White,0.327,"(2447, 590, 2613, 765)",vehicle_classification/frames_with_vehicles/frame_3.jpg
4,car,Scion xD back 2012,Hatch,White,0.296,"(1551, 576, 1809, 807)",vehicle_classification/frames_with_vehicles/frame_3.jpg
5,car,Dodge Caravan  1997,Minivan,White,0.063,"(2044, 881, 2428, 1231)",vehicle_classification/frames_with_vehicles/frame_4.jpg
5,car,FIAT 500 Abarth 2012,,Black,0.081,"(0, 686, 370, 979)",vehicle_classification/frames_with_vehicles/frame_4.jpg
5,car,FIAT 500 Abarth 2012,,White,0.112,"(1148, 1317, 1641, 1812)",vehicle_classification/frames_with_vehicles/frame_4.jpg
5,car,Toyota Corolla  2012,Sedan,Black,0.192,"(748, 1379, 1433, 2000)",vehicle_classification/frames_with_vehicles/frame_4.jpg
5,car,Dodge Caravan  1997,Minivan,Black,0.104,"(2196, 1170, 2786, 1751)",vehicle_classification/frames_with_vehicles/frame_4.jpg
5,car,BMW X5  2007,SUV,White,0.284,"(1242, 1012, 1741, 1429)",vehicle_classification/frames_with_vehicles/frame_4.jpg
5,car,Geo Metro  1993,Convertible,White,0.160,"(484, 1987, 1159, 2151)",vehicle_classification/frames_with_vehicles/frame_4.jpg
5,car,Nissan Leaf back 2012,Hatch,White,0.072,"(1294, 843, 1677, 1069)",vehicle_classification/frames_with_vehicles/frame_4.jpg
5,car,Audi A5  2012,Coupe,White,0.118,"(599, 585, 816, 775)",vehicle_classification/frames_with_vehicles/frame_4.jpg
5,car,Ford Freestar  2007,Minivan,White,0.231,"(2232, 808, 2556, 1062)",vehicle_classification/frames_with_vehicles/frame_4.jpg
5,bus,Chevrolet Tahoe Hybrid  2012,SUV,White,0.054,"(2127, 450, 2423, 719)",vehicle_classification/frames_with_vehicles/frame_4.jpg
5,truck,HUMMER H3T  2010,Crew Cab,White,0.043,"(284, 535, 618, 872)",vehicle_classification/frames_with_vehicles/frame_4.jpg
5,car,Toyota Corolla  2012,Sedan,White,0.049,"(1472, 767, 1787, 1080)",vehicle_classification/frames_with_vehicles/frame_4.jpg
5,car,Dodge Caravan  1997,Minivan,White,0.081,"(2214, 1056, 2674, 1244)",vehicle_classification/frames_with_vehicles/frame_4.jpg
5,car,Nissan Leaf back 2012,Hatch,White,0.052,"(1397, 672, 1686, 836)",vehicle_classification/frames_with_vehicles/frame_4.jpg
5,car,Audi A5  2012,Coupe,White,0.029,"(2302, 1717, 3338, 2150)",vehicle_classification/frames_with_vehicles/frame_4.jpg
5,car,Nissan Leaf back 2012,Hatch,White,0.211,"(2095, 692, 2440, 907)",vehicle_classification/frames_with_vehicles/frame_4.jpg
5,truck,Audi A5  2012,Coupe,White,0.028,"(2287, 1718, 3345, 2140)",vehicle_classification/frames_with_vehicles/frame_4.jpg
5,car,Volkswagen Beetle back 2012,Hatch,White,0.071,"(749, 584, 894, 720)",vehicle_classification/frames_with_vehicles/frame_4.jpg
5,car,Scion xD back 2012,Hatch,White,0.294,"(2447, 597, 2617, 763)",vehicle_classification/frames_with_vehicles/frame_4.jpg
5,car,Audi A5  2012,Coupe,White,0.086,"(959, 621, 1084, 687)",vehicle_classification/frames_with_vehicles/frame_4.jpg
5,car,FIAT 500 Abarth 2012,,White,0.177,"(835, 581, 971, 716)",vehicle_classification/frames_with_vehicles/frame_4.jpg
5,car,Ford Freestar  2007,Minivan,White,0.082,"(2314, 817, 2564, 1065)",vehicle_classification/frames_with_vehicles/frame_4.jpg
5,car,Toyota Corolla  2012,Sedan,White,0.135,"(849, 581, 969, 685)",vehicle_classification/frames_with_vehicles/frame_4.jpg
5,car,Scion xD back 2012,Hatch,White,0.337,"(1549, 577, 1813, 809)",vehicle_classification/frames_with_vehicles/frame_4.jpg
6,car,Mercedes-Benz Sprinter  2012,Van,White,0.077,"(2045, 882, 2428, 1232)",vehicle_classification/frames_with_vehicles/frame_5.jpg
6,car,Toyota Corolla  2012,Sedan,Black,0.134,"(746, 1382, 1431, 2007)",vehicle_classification/frames_with_vehicles/frame_5.jpg
6,car,FIAT 500 Abarth 2012,,White,0.109,"(1147, 1319, 1643, 1812)",vehicle_classification/frames_with_vehicles/frame_5.jpg
6,car,FIAT 500 Abarth 2012,,Black,0.066,"(2189, 1175, 2795, 1753)",vehicle_classification/frames_with_vehicles/frame_5.jpg
6,car,Infiniti G  IPL 2012,Coupe,Black,0.125,"(1, 686, 372, 976)",vehicle_classification/frames_with_vehicles/frame_5.jpg
6,car,Geo Metro  1993,Convertible,White,0.085,"(483, 1993, 1140, 2151)",vehicle_classification/frames_with_vehicles/frame_5.jpg
6,car,BMW X5  2007,SUV,White,0.393,"(1238, 1014, 1737, 1423)",vehicle_classification/frames_with_vehicles/frame_5.jpg
6,car,Audi A5  2012,Coupe,White,0.064,"(1295, 848, 1678, 1068)",vehicle_classification/frames_with_vehicles/frame_5.jpg
6,car,Audi A5  2012,Coupe,White,0.075,"(599, 585, 821, 776)",vehicle_classification/frames_with_vehicles/frame_5.jpg
6,truck,HUMMER H2 UT Crew Cab 2009,S,White,0.047,"(292, 535, 619, 869)",vehicle_classification/frames_with_vehicles/frame_5.jpg
6,car,Audi A5  2012,Coupe,White,0.040,"(2311, 1718, 3334, 2149)",vehicle_classification/frames_with_vehicles/frame_5.jpg
6,bus,Chevrolet Malibu  2007,Sedan,White,0.056,"(2118, 450, 2423, 716)",vehicle_classification/frames_with_vehicles/frame_5.jpg
6,car,Ford Freestar  2007,Minivan,White,0.129,"(2240, 806, 2555, 1063)",vehicle_classification/frames_with_vehicles/frame_5.jpg
6,car,Dodge Charger RT-8 2009,S,White,0.053,"(2214, 1059, 2676, 1244)",vehicle_classification/frames_with_vehicles/frame_5.jpg
6,car,Nissan Leaf back 2012,Hatch,White,0.026,"(1401, 668, 1692, 842)",vehicle_classification/frames_with_vehicles/frame_5.jpg
6,car,Volkswagen Beetle back 2012,Hatch,White,0.079,"(745, 584, 896, 732)",vehicle_classification/frames_with_vehicles/frame_5.jpg
6,car,FIAT 500 Abarth 2012,,White,0.257,"(824, 580, 973, 718)",vehicle_classification/frames_with_vehicles/frame_5.jpg
6,car,Toyota Corolla  2012,Sedan,White,0.071,"(1456, 767, 1782, 1058)",vehicle_classification/frames_with_vehicles/frame_5.jpg
6,car,Toyota Corolla  2012,Sedan,White,0.130,"(847, 581, 968, 693)",vehicle_classification/frames_with_vehicles/frame_5.jpg
6,car,Nissan Leaf back 2012,Hatch,White,0.132,"(2116, 692, 2431, 876)",vehicle_classification/frames_with_vehicles/frame_5.jpg
6,car,Audi A5  2012,Coupe,White,0.102,"(962, 622, 1084, 688)",vehicle_classification/frames_with_vehicles/frame_5.jpg
6,truck,Audi A5  2012,Coupe,White,0.036,"(2297, 1719, 3340, 2139)",vehicle_classification/frames_with_vehicles/frame_5.jpg
6,car,BMW 1 Series  2012,Coupe,White,0.045,"(1316, 611, 1441, 707)",vehicle_classification/frames_with_vehicles/frame_5.jpg
6,car,Scion xD back 2012,Hatch,White,0.327,"(2443, 590, 2611, 763)",vehicle_classification/frames_with_vehicles/frame_5.jpg
6,car,Dodge Caravan  1997,Minivan,White,0.087,"(2352, 860, 2561, 1068)",vehicle_classification/frames_with_vehicles/frame_5.jpg
6,car,BMW X5  2007,SUV,White,0.430,"(1237, 1134, 1743, 1432)",vehicle_classification/frames_with_vehicles/frame_5.jpg
6,car,Scion xD back 2012,Hatch,White,0.207,"(1549, 577, 1807, 804)",vehicle_classification/frames_with_vehicles/frame_5.jpg
6,car,Ford E-Series Wagon  2012,Van,White,0.053,"(1061, 562, 1155, 654)",vehicle_classification/frames_with_vehicles/frame_5.jpg
7,car,Dodge Caravan  1997,Minivan,White,0.079,"(2045, 882, 2429, 1233)",vehicle_classification/frames_with_vehicles/frame_6.jpg
7,car,Toyota Corolla  2012,Sedan,Black,0.122,"(741, 1387, 1427, 2011)",vehicle_classification/frames_with_vehicles/frame_6.jpg
7,car,Dodge Caravan  1997,Minivan,Black,0.095,"(2192, 1176, 2788, 1757)",vehicle_classification/frames_with_vehicles/frame_6.jpg
7,car,FIAT 500 Abarth 2012,,White,0.092,"(1143, 1322, 1641, 1818)",vehicle_classification/frames_with_vehicles/frame_6.jpg
7,car,Infiniti G  IPL 2012,Coupe,Black,0.161,"(8, 683, 379, 979)",vehicle_classification/frames_with_vehicles/frame_6.jpg
7,car,Geo Metro  1993,Convertible,White,0.050,"(489, 1999, 1133, 2153)",vehicle_classification/frames_with_vehicles/frame_6.jpg
7,car,BMW X5  2007,SUV,White,0.437,"(1235, 1015, 1739, 1429)",vehicle_classification/frames_with_vehicles/frame_6.jpg
7,truck,HUMMER H2 UT Crew Cab 2009,S,White,0.035,"(296, 535, 622, 867)",vehicle_classification/frames_with_vehicles/frame_6.jpg
7,car,Toyota Corolla  2012,Sedan,White,0.060,"(1294, 852, 1679, 1066)",vehicle_classification/frames_with_vehicles/frame_6.jpg
7,car,Chevrolet Express Cargo  2007,Van,White,0.100,"(602, 585, 820, 777)",vehicle_classification/frames_with_vehicles/frame_6.jpg
7,bus,Buick Rainier  2007,SUV,White,0.059,"(2119, 451, 2423, 718)",vehicle_classification/frames_with_vehicles/frame_6.jpg
7,car,Nissan Leaf back 2012,Hatch,White,0.051,"(2311, 1725, 3339, 2149)",vehicle_classification/frames_with_vehicles/frame_6.jpg
7,car,Ford Freestar  2007,Minivan,White,0.136,"(2239, 805, 2559, 1065)",vehicle_classification/frames_with_vehicles/frame_6.jpg
7,car,Dodge Charger RT-8 2009,S,White,0.095,"(2217, 1063, 2671, 1247)",vehicle_classification/frames_with_vehicles/frame_6.jpg
7,car,Nissan Leaf back 2012,Hatch,White,0.045,"(1402, 668, 1686, 845)",vehicle_classification/frames_with_vehicles/frame_6.jpg
7,car,Infiniti G  IPL 2012,Coupe,White,0.115,"(745, 578, 973, 723)",vehicle_classification/frames_with_vehicles/frame_6.jpg
7,car,Infiniti G  IPL 2012,Coupe,White,0.081,"(748, 582, 897, 728)",vehicle_classification/frames_with_vehicles/frame_6.jpg
7,car,Toyota Corolla  2012,Sedan,White,0.075,"(1455, 768, 1781, 1057)",vehicle_classification/frames_with_vehicles/frame_6.jpg
7,car,Nissan Leaf back 2012,Hatch,White,0.129,"(2085, 686, 2436, 895)",vehicle_classification/frames_with_vehicles/frame_6.jpg
7,car,FIAT 500 Abarth 2012,,White,0.314,"(818, 578, 971, 715)",vehicle_classification/frames_with_vehicles/frame_6.jpg
7,car,Audi A5  2012,Coupe,White,0.087,"(963, 623, 1086, 686)",vehicle_classification/frames_with_vehicles/frame_6.jpg
7,car,Scion xD back 2012,Hatch,White,0.500,"(2443, 592, 2614, 763)",vehicle_classification/frames_with_vehicles/frame_6.jpg
7,car,FIAT 500 Abarth 2012,,White,0.082,"(843, 578, 969, 691)",vehicle_classification/frames_with_vehicles/frame_6.jpg
7,car,Infiniti G  IPL 2012,Coupe,White,0.164,"(1316, 613, 1443, 704)",vehicle_classification/frames_with_vehicles/frame_6.jpg
7,car,Dodge Caravan  1997,Minivan,White,0.162,"(2312, 843, 2563, 1070)",vehicle_classification/frames_with_vehicles/frame_6.jpg
8,car,Dodge Caravan  1997,Minivan,White,0.082,"(2045, 882, 2429, 1233)",vehicle_classification/frames_with_vehicles/frame_7.jpg
8,car,Toyota Corolla  2012,Sedan,Black,0.124,"(741, 1387, 1428, 2011)",vehicle_classification/frames_with_vehicles/frame_7.jpg
8,car,Dodge Caravan  1997,Minivan,Black,0.104,"(2192, 1176, 2787, 1757)",vehicle_classification/frames_with_vehicles/frame_7.jpg
8,car,FIAT 500 Abarth 2012,,White,0.090,"(1143, 1322, 1641, 1818)",vehicle_classification/frames_with_vehicles/frame_7.jpg
8,car,Infiniti G  IPL 2012,Coupe,Black,0.158,"(8, 683, 379, 979)",vehicle_classification/frames_with_vehicles/frame_7.jpg
8,car,Geo Metro  1993,Convertible,White,0.048,"(489, 1999, 1134, 2153)",vehicle_classification/frames_with_vehicles/frame_7.jpg
8,car,BMW X5  2007,SUV,White,0.412,"(1234, 1015, 1739, 1429)",vehicle_classification/frames_with_vehicles/frame_7.jpg
8,truck,HUMMER H2 UT Crew Cab 2009,S,White,0.038,"(296, 540, 619, 866)",vehicle_classification/frames_with_vehicles/frame_7.jpg
8,car,Toyota Corolla  2012,Sedan,White,0.064,"(1295, 852, 1680, 1066)",vehicle_classification/frames_with_vehicles/frame_7.jpg
8,car,Chevrolet Express Cargo  2007,Van,White,0.119,"(602, 585, 819, 777)",vehicle_classification/frames_with_vehicles/frame_7.jpg
8,bus,Chevrolet Malibu  2007,Sedan,White,0.067,"(2119, 451, 2423, 717)",vehicle_classification/frames_with_vehicles/frame_7.jpg
8,car,Nissan Leaf back 2012,Hatch,White,0.054,"(2310, 1725, 3340, 2149)",vehicle_classification/frames_with_vehicles/frame_7.jpg
8,car,Dodge Charger RT-8 2009,S,White,0.096,"(2217, 1063, 2671, 1247)",vehicle_classification/frames_with_vehicles/frame_7.jpg
8,car,Ford Freestar  2007,Minivan,White,0.129,"(2239, 805, 2559, 1066)",vehicle_classification/frames_with_vehicles/frame_7.jpg
8,car,Nissan Leaf back 2012,Hatch,White,0.043,"(1402, 668, 1686, 845)",vehicle_classification/frames_with_vehicles/frame_7.jpg
8,car,Volkswagen Beetle back 2012,Hatch,White,0.115,"(745, 578, 973, 723)",vehicle_classification/frames_with_vehicles/frame_7.jpg
8,car,Infiniti G  IPL 2012,Coupe,White,0.076,"(748, 582, 897, 727)",vehicle_classification/frames_with_vehicles/frame_7.jpg
8,car,Toyota Corolla  2012,Sedan,White,0.073,"(1455, 768, 1782, 1057)",vehicle_classification/frames_with_vehicles/frame_7.jpg
8,car,Nissan Leaf back 2012,Hatch,White,0.143,"(2083, 686, 2436, 895)",vehicle_classification/frames_with_vehicles/frame_7.jpg
8,car,FIAT 500 Abarth 2012,,White,0.318,"(818, 578, 971, 715)",vehicle_classification/frames_with_vehicles/frame_7.jpg
8,car,Audi A5  2012,Coupe,White,0.087,"(963, 623, 1086, 686)",vehicle_classification/frames_with_vehicles/frame_7.jpg
8,car,Scion xD back 2012,Hatch,White,0.586,"(2445, 593, 2620, 768)",vehicle_classification/frames_with_vehicles/frame_7.jpg
8,car,FIAT 500 Abarth 2012,,White,0.093,"(843, 578, 969, 691)",vehicle_classification/frames_with_vehicles/frame_7.jpg
8,car,Infiniti G  IPL 2012,Coupe,White,0.110,"(1316, 613, 1442, 703)",vehicle_classification/frames_with_vehicles/frame_7.jpg
8,car,Dodge Caravan  1997,Minivan,White,0.117,"(2313, 845, 2563, 1070)",vehicle_classification/frames_with_vehicles/frame_7.jpg
9,car,Dodge Caravan  1997,Minivan,White,0.091,"(2044, 883, 2427, 1233)",vehicle_classification/frames_with_vehicles/frame_8.jpg
9,car,Dodge Caravan  1997,Minivan,Black,0.126,"(2186, 1174, 2791, 1762)",vehicle_classification/frames_with_vehicles/frame_8.jpg
9,car,Toyota Corolla  2012,Sedan,Black,0.106,"(736, 1389, 1418, 2022)",vehicle_classification/frames_with_vehicles/frame_8.jpg
9,car,FIAT 500 Abarth 2012,,Black,0.103,"(1141, 1322, 1641, 1821)",vehicle_classification/frames_with_vehicles/frame_8.jpg
9,car,Infiniti G  IPL 2012,Coupe,Black,0.154,"(14, 684, 380, 979)",vehicle_classification/frames_with_vehicles/frame_8.jpg
9,car,Nissan Leaf back 2012,Hatch,White,0.060,"(486, 2005, 1133, 2153)",vehicle_classification/frames_with_vehicles/frame_8.jpg
9,car,Toyota Corolla  2012,Sedan,White,0.056,"(1297, 852, 1676, 1071)",vehicle_classification/frames_with_vehicles/frame_8.jpg
9,car,BMW X5  2007,SUV,White,0.382,"(1239, 1018, 1740, 1432)",vehicle_classification/frames_with_vehicles/frame_8.jpg
9,truck,Ford E-Series Wagon  2012,Van,White,0.032,"(305, 541, 620, 865)",vehicle_classification/frames_with_vehicles/frame_8.jpg
9,car,Ford Freestar  2007,Minivan,White,0.214,"(2229, 809, 2558, 1069)",vehicle_classification/frames_with_vehicles/frame_8.jpg
9,car,Toyota Corolla  2012,Sedan,White,0.181,"(604, 585, 813, 772)",vehicle_classification/frames_with_vehicles/frame_8.jpg
9,car,Nissan Leaf back 2012,Hatch,White,0.036,"(2304, 1730, 3351, 2148)",vehicle_classification/frames_with_vehicles/frame_8.jpg
9,bus,Chevrolet Malibu  2007,Sedan,White,0.060,"(2118, 451, 2423, 717)",vehicle_classification/frames_with_vehicles/frame_8.jpg
9,car,Nissan Leaf back 2012,Hatch,White,0.045,"(1402, 668, 1686, 845)",vehicle_classification/frames_with_vehicles/frame_8.jpg
9,car,Dodge Caravan  1997,Minivan,White,0.094,"(2214, 1063, 2675, 1256)",vehicle_classification/frames_with_vehicles/frame_8.jpg
9,car,Nissan Leaf back 2012,Hatch,White,0.082,"(2121, 690, 2427, 879)",vehicle_classification/frames_with_vehicles/frame_8.jpg
9,car,Infiniti G  IPL 2012,Coupe,White,0.130,"(754, 579, 972, 719)",vehicle_classification/frames_with_vehicles/frame_8.jpg
9,car,Toyota Corolla  2012,Sedan,White,0.058,"(1456, 770, 1781, 1060)",vehicle_classification/frames_with_vehicles/frame_8.jpg
9,car,Infiniti G  IPL 2012,Coupe,White,0.140,"(756, 584, 897, 727)",vehicle_classification/frames_with_vehicles/frame_8.jpg
9,car,Audi A5  2012,Coupe,White,0.089,"(963, 623, 1086, 686)",vehicle_classification/frames_with_vehicles/frame_8.jpg
9,car,FIAT 500 Abarth 2012,,White,0.247,"(811, 579, 971, 710)",vehicle_classification/frames_with_vehicles/frame_8.jpg
9,car,Plymouth Neon  1999,Coupe,White,0.193,"(2443, 605, 2624, 768)",vehicle_classification/frames_with_vehicles/frame_8.jpg
9,car,Infiniti G  IPL 2012,Coupe,White,0.054,"(1316, 611, 1438, 702)",vehicle_classification/frames_with_vehicles/frame_8.jpg
9,car,FIAT 500 Abarth 2012,,White,0.094,"(848, 579, 969, 686)",vehicle_classification/frames_with_vehicles/frame_8.jpg
9,truck,Toyota Corolla  2012,Sedan,White,0.080,"(62, 504, 340, 707)",vehicle_classification/frames_with_vehicles/frame_8.jpg
10,car,Dodge Caravan  1997,Minivan,White,0.092,"(2043, 884, 2427, 1235)",vehicle_classification/frames_with_vehicles/frame_9.jpg
10,car,Suzuki SX4  2012,Sedan,Black,0.064,"(2192, 1172, 2792, 1765)",vehicle_classification/frames_with_vehicles/frame_9.jpg
10,car,Volkswagen Beetle back 2012,Hatch,Black,0.130,"(739, 1396, 1426, 2026)",vehicle_classification/frames_with_vehicles/frame_9.jpg
10,car,Spyker C8  2009,Convertible,White,0.091,"(1144, 1324, 1643, 1822)",vehicle_classification/frames_with_vehicles/frame_9.jpg
10,car,Infiniti G  IPL 2012,Coupe,Black,0.087,"(17, 683, 383, 976)",vehicle_classification/frames_with_vehicles/frame_9.jpg
10,car,Nissan Leaf back 2012,Hatch,White,0.078,"(492, 2011, 1128, 2152)",vehicle_classification/frames_with_vehicles/frame_9.jpg
10,car,BMW X5  2007,SUV,White,0.384,"(1232, 1020, 1739, 1431)",vehicle_classification/frames_with_vehicles/frame_9.jpg
10,car,Toyota Corolla  2012,Sedan,White,0.064,"(1295, 852, 1680, 1073)",vehicle_classification/frames_with_vehicles/frame_9.jpg
10,car,Toyota Corolla  2012,Sedan,White,0.205,"(607, 586, 813, 770)",vehicle_classification/frames_with_vehicles/frame_9.jpg
10,car,Ford Freestar  2007,Minivan,White,0.208,"(2228, 809, 2561, 1071)",vehicle_classification/frames_with_vehicles/frame_9.jpg
10,truck,HUMMER H3T  2010,Crew Cab,White,0.039,"(300, 534, 625, 864)",vehicle_classification/frames_with_vehicles/frame_9.jpg
10,bus,Chevrolet Malibu  2007,Sedan,White,0.077,"(2118, 450, 2423, 717)",vehicle_classification/frames_with_vehicles/frame_9.jpg
10,car,Buick Rainier  2007,SUV,White,0.038,"(2220, 1064, 2684, 1302)",vehicle_classification/frames_with_vehicles/frame_9.jpg
10,car,Audi A5  2012,Coupe,White,0.031,"(2295, 1734, 3350, 2148)",vehicle_classification/frames_with_vehicles/frame_9.jpg
10,car,Nissan Leaf back 2012,Hatch,White,0.147,"(1396, 667, 1683, 840)",vehicle_classification/frames_with_vehicles/frame_9.jpg
10,car,Scion xD back 2012,Hatch,White,0.085,"(2092, 688, 2427, 880)",vehicle_classification/frames_with_vehicles/frame_9.jpg
10,car,Toyota Corolla  2012,Sedan,White,0.051,"(1457, 770, 1780, 1064)",vehicle_classification/frames_with_vehicles/frame_9.jpg
10,car,Infiniti G  IPL 2012,Coupe,White,0.144,"(759, 580, 900, 727)",vehicle_classification/frames_with_vehicles/frame_9.jpg
10,car,Infiniti G  IPL 2012,Coupe,White,0.184,"(758, 578, 967, 722)",vehicle_classification/frames_with_vehicles/frame_9.jpg
10,car,Eagle Talon back 1998,Hatch,White,0.135,"(2445, 603, 2624, 767)",vehicle_classification/frames_with_vehicles/frame_9.jpg
10,car,Audi A5  2012,Coupe,White,0.104,"(963, 623, 1086, 686)",vehicle_classification/frames_with_vehicles/frame_9.jpg
10,car,BMW 1 Series  2012,Coupe,White,0.041,"(1315, 612, 1434, 696)",vehicle_classification/frames_with_vehicles/frame_9.jpg
10,car,Infiniti G  IPL 2012,Coupe,White,0.048,"(759, 575, 895, 689)",vehicle_classification/frames_with_vehicles/frame_9.jpg
10,car,FIAT 500 Abarth 2012,,White,0.305,"(828, 579, 970, 705)",vehicle_classification/frames_with_vehicles/frame_9.jpg
10,truck,Toyota Corolla  2012,Sedan,White,0.063,"(61, 504, 344, 707)",vehicle_classification/frames_with_vehicles/frame_9.jpg
11,car,Dodge Caravan  1997,Minivan,White,0.074,"(2044, 885, 2428, 1238)",vehicle_classification/frames_with_vehicles/frame_10.jpg
11,car,Dodge Caravan  1997,Minivan,Black,0.122,"(2187, 1177, 2793, 1769)",vehicle_classification/frames_with_vehicles/frame_10.jpg
11,car,FIAT 500 Abarth 2012,,White,0.058,"(1139, 1327, 1640, 1821)",vehicle_classification/frames_with_vehicles/frame_10.jpg
11,car,Scion xD back 2012,Hatch,Black,0.149,"(734, 1399, 1435, 2031)",vehicle_classification/frames_with_vehicles/frame_10.jpg
11,car,Nissan Leaf back 2012,Hatch,White,0.067,"(489, 2016, 1124, 2154)",vehicle_classification/frames_with_vehicles/frame_10.jpg
11,car,BMW X5  2007,SUV,White,0.371,"(1232, 1020, 1737, 1432)",vehicle_classification/frames_with_vehicles/frame_10.jpg
11,car,BMW 3 Series  2012,Wagon,Black,0.126,"(18, 683, 384, 975)",vehicle_classification/frames_with_vehicles/frame_10.jpg
11,truck,Ford E-Series Wagon  2012,Van,White,0.036,"(307, 535, 628, 861)",vehicle_classification/frames_with_vehicles/frame_10.jpg
11,car,Toyota Corolla  2012,Sedan,White,0.140,"(609, 586, 814, 770)",vehicle_classification/frames_with_vehicles/frame_10.jpg
11,car,Toyota Corolla  2012,Sedan,White,0.046,"(1300, 855, 1680, 1068)",vehicle_classification/frames_with_vehicles/frame_10.jpg
11,bus,Chevrolet Malibu  2007,Sedan,White,0.051,"(2121, 451, 2424, 717)",vehicle_classification/frames_with_vehicles/frame_10.jpg
11,car,Dodge Caravan  1997,Minivan,White,0.037,"(2216, 1063, 2689, 1259)",vehicle_classification/frames_with_vehicles/frame_10.jpg
11,car,Ford Freestar  2007,Minivan,White,0.120,"(2239, 804, 2557, 1069)",vehicle_classification/frames_with_vehicles/frame_10.jpg
11,car,Nissan Leaf back 2012,Hatch,White,0.118,"(1398, 667, 1690, 846)",vehicle_classification/frames_with_vehicles/frame_10.jpg
11,car,Scion xD back 2012,Hatch,White,0.061,"(2093, 687, 2430, 885)",vehicle_classification/frames_with_vehicles/frame_10.jpg
11,car,Nissan Leaf back 2012,Hatch,White,0.044,"(2272, 1741, 3377, 2143)",vehicle_classification/frames_with_vehicles/frame_10.jpg
11,car,Toyota Corolla  2012,Sedan,White,0.041,"(1452, 772, 1780, 1068)",vehicle_classification/frames_with_vehicles/frame_10.jpg
11,car,Infiniti G  IPL 2012,Coupe,White,0.174,"(759, 578, 898, 717)",vehicle_classification/frames_with_vehicles/frame_10.jpg
11,truck,Nissan Leaf back 2012,Hatch,White,0.056,"(2279, 1740, 3360, 2136)",vehicle_classification/frames_with_vehicles/frame_10.jpg
11,car,Infiniti G  IPL 2012,Coupe,White,0.197,"(759, 578, 961, 725)",vehicle_classification/frames_with_vehicles/frame_10.jpg
11,car,Audi A5  2012,Coupe,White,0.092,"(964, 622, 1087, 684)",vehicle_classification/frames_with_vehicles/frame_10.jpg
11,car,BMW 1 Series  2012,Coupe,White,0.057,"(1315, 614, 1435, 696)",vehicle_classification/frames_with_vehicles/frame_10.jpg
11,car,Scion xD back 2012,Hatch,White,0.282,"(2444, 596, 2624, 771)",vehicle_classification/frames_with_vehicles/frame_10.jpg
11,car,FIAT 500 Abarth 2012,,White,0.265,"(827, 584, 975, 709)",vehicle_classification/frames_with_vehicles/frame_10.jpg
11,car,Dodge Caravan  1997,Minivan,White,0.364,"(2343, 824, 2566, 1075)",vehicle_classification/frames_with_vehicles/frame_10.jpg
11,truck,Nissan Leaf back 2012,Hatch,Black,0.114,"(64, 499, 351, 693)",vehicle_classification/frames_with_vehicles/frame_10.jpg
12,car,Dodge Caravan  1997,Minivan,White,0.085,"(2043, 884, 2429, 1239)",vehicle_classification/frames_with_vehicles/frame_11.jpg
12,car,Ferrari 458 Italia  2012,Coupe,Black,0.098,"(2192, 1177, 2807, 1770)",vehicle_classification/frames_with_vehicles/frame_11.jpg
12,car,Toyota Corolla  2012,Sedan,Black,0.103,"(731, 1402, 1423, 2038)",vehicle_classification/frames_with_vehicles/frame_11.jpg
12,car,FIAT 500 Abarth 2012,,White,0.081,"(1136, 1334, 1642, 1831)",vehicle_classification/frames_with_vehicles/frame_11.jpg
12,car,BMW X5  2007,SUV,White,0.403,"(1232, 1022, 1741, 1443)",vehicle_classification/frames_with_vehicles/frame_11.jpg
12,car,FIAT 500 Abarth 2012,,Black,0.140,"(23, 683, 387, 975)",vehicle_classification/frames_with_vehicles/frame_11.jpg
12,car,Nissan Leaf back 2012,Hatch,White,0.048,"(484, 2020, 1113, 2155)",vehicle_classification/frames_with_vehicles/frame_11.jpg
12,truck,HUMMER H3T  2010,Crew Cab,White,0.033,"(308, 534, 631, 860)",vehicle_classification/frames_with_vehicles/frame_11.jpg
12,car,Toyota Corolla  2012,Sedan,White,0.147,"(611, 585, 818, 770)",vehicle_classification/frames_with_vehicles/frame_11.jpg
12,car,Ford Freestar  2007,Minivan,White,0.102,"(2243, 803, 2557, 1070)",vehicle_classification/frames_with_vehicles/frame_11.jpg
12,car,Toyota Corolla  2012,Sedan,White,0.049,"(1301, 854, 1679, 1070)",vehicle_classification/frames_with_vehicles/frame_11.jpg
12,bus,Chevrolet Malibu  2007,Sedan,White,0.046,"(2128, 451, 2425, 719)",vehicle_classification/frames_with_vehicles/frame_11.jpg
12,car,Dodge Caravan  1997,Minivan,White,0.070,"(2216, 1065, 2685, 1256)",vehicle_classification/frames_with_vehicles/frame_11.jpg
12,car,Land Rover LR2  2012,SUV,White,0.034,"(2280, 1744, 3394, 2143)",vehicle_classification/frames_with_vehicles/frame_11.jpg
12,car,Toyota Corolla  2012,Sedan,White,0.039,"(1449, 772, 1781, 1073)",vehicle_classification/frames_with_vehicles/frame_11.jpg
12,car,Nissan Leaf back 2012,Hatch,White,0.066,"(1398, 666, 1696, 849)",vehicle_classification/frames_with_vehicles/frame_11.jpg
12,car,Scion xD back 2012,Hatch,White,0.077,"(2086, 686, 2432, 886)",vehicle_classification/frames_with_vehicles/frame_11.jpg
12,car,Volkswagen Beetle back 2012,Hatch,White,0.062,"(760, 578, 897, 712)",vehicle_classification/frames_with_vehicles/frame_11.jpg
12,truck,Land Rover LR2  2012,SUV,White,0.037,"(2289, 1742, 3390, 2136)",vehicle_classification/frames_with_vehicles/frame_11.jpg
12,car,Dodge Caravan  1997,Minivan,White,0.373,"(2343, 832, 2562, 1077)",vehicle_classification/frames_with_vehicles/frame_11.jpg
12,car,Scion xD back 2012,Hatch,White,0.257,"(2445, 597, 2625, 769)",vehicle_classification/frames_with_vehicles/frame_11.jpg
12,car,Infiniti G  IPL 2012,Coupe,White,0.188,"(758, 577, 951, 726)",vehicle_classification/frames_with_vehicles/frame_11.jpg
12,car,Audi A5  2012,Coupe,White,0.043,"(1315, 615, 1437, 697)",vehicle_classification/frames_with_vehicles/frame_11.jpg
12,car,Audi A5  2012,Coupe,White,0.085,"(963, 622, 1089, 683)",vehicle_classification/frames_with_vehicles/frame_11.jpg
12,truck,Toyota Corolla  2012,Sedan,White,0.069,"(66, 504, 346, 706)",vehicle_classification/frames_with_vehicles/frame_11.jpg
12,car,FIAT 500 Abarth 2012,,White,0.179,"(806, 583, 974, 706)",vehicle_classification/frames_with_vehicles/frame_11.jpg
12,car,Bugatti Veyron 16.4  2009,Coupe,Black,0.156,"(2373, 930, 2561, 1075)",vehicle_classification/frames_with_vehicles/frame_11.jpg
13,car,Toyota Corolla  2012,Sedan,Black,0.133,"(728, 1402, 1418, 2041)",vehicle_classification/frames_with_vehicles/frame_12.jpg
13,car,Dodge Caravan  1997,Minivan,White,0.134,"(2046, 884, 2428, 1238)",vehicle_classification/frames_with_vehicles/frame_12.jpg
13,car,Suzuki SX4  2012,Sedan,Black,0.068,"(2191, 1166, 2810, 1772)",vehicle_classification/frames_with_vehicles/frame_12.jpg
13,car,Infiniti QX56  2011,SUV,Black,0.081,"(1133, 1337, 1640, 1834)",vehicle_classification/frames_with_vehicles/frame_12.jpg
13,car,BMW X5  2007,SUV,White,0.396,"(1233, 1026, 1741, 1449)",vehicle_classification/frames_with_vehicles/frame_12.jpg
13,truck,Ford E-Series Wagon  2012,Van,White,0.043,"(309, 532, 632, 858)",vehicle_classification/frames_with_vehicles/frame_12.jpg
13,car,Volkswagen Beetle back 2012,Hatch,White,0.062,"(487, 2025, 1110, 2157)",vehicle_classification/frames_with_vehicles/frame_12.jpg
13,car,BMW 3 Series  2012,Wagon,Black,0.094,"(26, 683, 389, 975)",vehicle_classification/frames_with_vehicles/frame_12.jpg
13,car,Toyota Corolla  2012,Sedan,White,0.041,"(1295, 856, 1675, 1074)",vehicle_classification/frames_with_vehicles/frame_12.jpg
13,car,Toyota Corolla  2012,Sedan,White,0.278,"(615, 584, 817, 766)",vehicle_classification/frames_with_vehicles/frame_12.jpg
13,car,Ford Freestar  2007,Minivan,White,0.125,"(2245, 803, 2555, 1070)",vehicle_classification/frames_with_vehicles/frame_12.jpg
13,bus,Buick Rainier  2007,SUV,White,0.056,"(2130, 451, 2424, 714)",vehicle_classification/frames_with_vehicles/frame_12.jpg
13,car,Nissan Leaf back 2012,Hatch,White,0.063,"(2215, 1067, 2684, 1252)",vehicle_classification/frames_with_vehicles/frame_12.jpg
13,car,smart fortwo  2012,Convertible,White,0.060,"(1455, 773, 1782, 1073)",vehicle_classification/frames_with_vehicles/frame_12.jpg
13,car,Nissan Leaf back 2012,Hatch,White,0.200,"(1396, 667, 1686, 849)",vehicle_classification/frames_with_vehicles/frame_12.jpg
13,car,Audi A5  2012,Coupe,White,0.030,"(2307, 1741, 3349, 2147)",vehicle_classification/frames_with_vehicles/frame_12.jpg
13,truck,Audi A5  2012,Coupe,White,0.034,"(2295, 1742, 3355, 2136)",vehicle_classification/frames_with_vehicles/frame_12.jpg
13,car,Scion xD back 2012,Hatch,White,0.063,"(2086, 687, 2432, 889)",vehicle_classification/frames_with_vehicles/frame_12.jpg
13,car,Infiniti G  IPL 2012,Coupe,White,0.052,"(762, 578, 897, 706)",vehicle_classification/frames_with_vehicles/frame_12.jpg
13,car,Dodge Caravan  1997,Minivan,White,0.380,"(2345, 845, 2561, 1077)",vehicle_classification/frames_with_vehicles/frame_12.jpg
13,car,Audi S4  2007,Sedan,Black,0.191,"(2366, 920, 2561, 1077)",vehicle_classification/frames_with_vehicles/frame_12.jpg
13,car,Infiniti G  IPL 2012,Coupe,White,0.233,"(760, 578, 939, 721)",vehicle_classification/frames_with_vehicles/frame_12.jpg
13,car,Audi A5  2012,Coupe,White,0.068,"(964, 621, 1089, 681)",vehicle_classification/frames_with_vehicles/frame_12.jpg
13,car,BMW 1 Series  2012,Coupe,White,0.043,"(1315, 616, 1432, 693)",vehicle_classification/frames_with_vehicles/frame_12.jpg
13,car,Scion xD back 2012,Hatch,White,0.201,"(2448, 596, 2624, 765)",vehicle_classification/frames_with_vehicles/frame_12.jpg
13,car,FIAT 500 Abarth 2012,,White,0.123,"(834, 584, 976, 702)",vehicle_classification/frames_with_vehicles/frame_12.jpg
13,truck,Nissan Leaf back 2012,Hatch,White,0.052,"(67, 503, 350, 713)",vehicle_classification/frames_with_vehicles/frame_12.jpg
14,car,Scion xD back 2012,Hatch,Black,0.128,"(728, 1402, 1418, 2042)",vehicle_classification/frames_with_vehicles/frame_13.jpg
14,car,Dodge Caravan  1997,Minivan,White,0.136,"(2046, 884, 2428, 1238)",vehicle_classification/frames_with_vehicles/frame_13.jpg
14,car,Suzuki SX4  2012,Sedan,Black,0.066,"(2191, 1166, 2810, 1772)",vehicle_classification/frames_with_vehicles/frame_13.jpg
14,car,BMW X5  2007,SUV,White,0.403,"(1233, 1026, 1742, 1449)",vehicle_classification/frames_with_vehicles/frame_13.jpg
14,car,Infiniti QX56  2011,SUV,Black,0.082,"(1133, 1337, 1640, 1834)",vehicle_classification/frames_with_vehicles/frame_13.jpg
14,truck,Ford E-Series Wagon  2012,Van,White,0.048,"(308, 533, 632, 858)",vehicle_classification/frames_with_vehicles/frame_13.jpg
14,car,BMW 3 Series  2012,Wagon,Black,0.100,"(26, 683, 390, 975)",vehicle_classification/frames_with_vehicles/frame_13.jpg
14,car,Toyota Corolla  2012,Sedan,White,0.035,"(1294, 856, 1675, 1075)",vehicle_classification/frames_with_vehicles/frame_13.jpg
14,car,Volkswagen Beetle back 2012,Hatch,White,0.057,"(486, 2025, 1110, 2157)",vehicle_classification/frames_with_vehicles/frame_13.jpg
14,car,Toyota Corolla  2012,Sedan,White,0.253,"(615, 584, 817, 766)",vehicle_classification/frames_with_vehicles/frame_13.jpg
14,bus,Buick Rainier  2007,SUV,White,0.046,"(2130, 450, 2424, 714)",vehicle_classification/frames_with_vehicles/frame_13.jpg
14,car,Ford Freestar  2007,Minivan,White,0.122,"(2245, 804, 2556, 1069)",vehicle_classification/frames_with_vehicles/frame_13.jpg
14,car,Nissan Leaf back 2012,Hatch,White,0.063,"(2215, 1067, 2684, 1252)",vehicle_classification/frames_with_vehicles/frame_13.jpg
14,car,smart fortwo  2012,Convertible,White,0.056,"(1455, 773, 1783, 1073)",vehicle_classification/frames_with_vehicles/frame_13.jpg
14,car,Nissan Leaf back 2012,Hatch,White,0.219,"(1396, 668, 1686, 849)",vehicle_classification/frames_with_vehicles/frame_13.jpg
14,car,Land Rover LR2  2012,SUV,White,0.031,"(2307, 1741, 3350, 2147)",vehicle_classification/frames_with_vehicles/frame_13.jpg
14,car,Scion xD back 2012,Hatch,White,0.071,"(2084, 687, 2432, 889)",vehicle_classification/frames_with_vehicles/frame_13.jpg
14,truck,Audi A5  2012,Coupe,White,0.036,"(2295, 1742, 3356, 2137)",vehicle_classification/frames_with_vehicles/frame_13.jpg
14,car,Volkswagen Beetle back 2012,Hatch,White,0.059,"(761, 578, 898, 708)",vehicle_classification/frames_with_vehicles/frame_13.jpg
14,car,Dodge Caravan  1997,Minivan,White,0.317,"(2343, 844, 2561, 1077)",vehicle_classification/frames_with_vehicles/frame_13.jpg
14,car,Audi S4  2007,Sedan,Black,0.113,"(2364, 917, 2561, 1077)",vehicle_classification/frames_with_vehicles/frame_13.jpg
14,car,Infiniti G  IPL 2012,Coupe,White,0.194,"(760, 578, 941, 722)",vehicle_classification/frames_with_vehicles/frame_13.jpg
14,car,Nissan Leaf back 2012,Hatch,White,0.070,"(964, 622, 1088, 681)",vehicle_classification/frames_with_vehicles/frame_13.jpg
14,car,Scion xD back 2012,Hatch,White,0.204,"(2447, 595, 2624, 766)",vehicle_classification/frames_with_vehicles/frame_13.jpg
14,car,Audi A5  2012,Coupe,White,0.045,"(1315, 616, 1432, 693)",vehicle_classification/frames_with_vehicles/frame_13.jpg
14,car,FIAT 500 Abarth 2012,,White,0.188,"(833, 584, 976, 703)",vehicle_classification/frames_with_vehicles/frame_13.jpg
14,truck,Buick Rainier  2007,SUV,White,0.087,"(2127, 449, 2425, 717)",vehicle_classification/frames_with_vehicles/frame_13.jpg
15,car,Toyota Corolla  2012,Sedan,Black,0.094,"(727, 1403, 1424, 2058)",vehicle_classification/frames_with_vehicles/frame_14.jpg
15,car,Dodge Caravan  1997,Minivan,White,0.132,"(2046, 885, 2428, 1238)",vehicle_classification/frames_with_vehicles/frame_14.jpg
15,car,FIAT 500 Abarth 2012,,Black,0.104,"(2192, 1182, 2818, 1775)",vehicle_classification/frames_with_vehicles/frame_14.jpg
15,car,BMW X5  2007,SUV,White,0.401,"(1238, 1029, 1739, 1452)",vehicle_classification/frames_with_vehicles/frame_14.jpg
15,car,Infiniti QX56  2011,SUV,Black,0.080,"(1131, 1339, 1639, 1841)",vehicle_classification/frames_with_vehicles/frame_14.jpg
15,car,BMW 3 Series  2012,Wagon,Black,0.125,"(29, 681, 391, 972)",vehicle_classification/frames_with_vehicles/frame_14.jpg
15,truck,Ford E-Series Wagon  2012,Van,White,0.055,"(312, 532, 634, 853)",vehicle_classification/frames_with_vehicles/frame_14.jpg
15,car,Toyota Corolla  2012,Sedan,White,0.036,"(1296, 858, 1671, 1073)",vehicle_classification/frames_with_vehicles/frame_14.jpg
15,car,Toyota Corolla  2012,Sedan,White,0.129,"(617, 584, 818, 767)",vehicle_classification/frames_with_vehicles/frame_14.jpg
15,car,Volkswagen Beetle back 2012,Hatch,White,0.044,"(486, 2034, 1097, 2154)",vehicle_classification/frames_with_vehicles/frame_14.jpg
15,bus,Ram C/V Cargo  Minivan 2012,Van,White,0.079,"(2130, 451, 2425, 709)",vehicle_classification/frames_with_vehicles/frame_14.jpg
15,car,Ford Freestar  2007,Minivan,White,0.195,"(2244, 807, 2559, 1070)",vehicle_classification/frames_with_vehicles/frame_14.jpg
15,car,Dodge Caravan  1997,Minivan,White,0.109,"(2213, 1067, 2681, 1264)",vehicle_classification/frames_with_vehicles/frame_14.jpg
15,car,Dodge Caravan  1997,Minivan,White,0.025,"(2217, 1067, 2682, 1365)",vehicle_classification/frames_with_vehicles/frame_14.jpg
15,car,Nissan Leaf back 2012,Hatch,White,0.109,"(1396, 667, 1677, 851)",vehicle_classification/frames_with_vehicles/frame_14.jpg
15,car,Toyota Corolla  2012,Sedan,White,0.037,"(1455, 774, 1784, 1073)",vehicle_classification/frames_with_vehicles/frame_14.jpg
15,truck,Audi A5  2012,Coupe,White,0.027,"(2287, 1747, 3356, 2137)",vehicle_classification/frames_with_vehicles/frame_14.jpg
15,car,Scion xD back 2012,Hatch,White,0.055,"(2094, 688, 2434, 890)",vehicle_classification/frames_with_vehicles/frame_14.jpg
15,car,Audi A5  2012,Coupe,White,0.037,"(2298, 1747, 3347, 2147)",vehicle_classification/frames_with_vehicles/frame_14.jpg
15,car,Volkswagen Beetle back 2012,Hatch,White,0.075,"(764, 578, 899, 711)",vehicle_classification/frames_with_vehicles/frame_14.jpg
15,car,Infiniti G  IPL 2012,Coupe,White,0.206,"(762, 578, 954, 722)",vehicle_classification/frames_with_vehicles/frame_14.jpg
15,car,Nissan Leaf back 2012,Hatch,White,0.057,"(965, 622, 1089, 681)",vehicle_classification/frames_with_vehicles/frame_14.jpg
15,car,Audi A5  2012,Coupe,White,0.055,"(1315, 616, 1432, 691)",vehicle_classification/frames_with_vehicles/frame_14.jpg
15,car,Dodge Caravan  1997,Minivan,White,0.268,"(2322, 842, 2565, 1078)",vehicle_classification/frames_with_vehicles/frame_14.jpg
15,car,FIAT 500 Abarth 2012,,White,0.128,"(846, 584, 977, 706)",vehicle_classification/frames_with_vehicles/frame_14.jpg
15,car,Scion xD back 2012,Hatch,White,0.146,"(2444, 611, 2628, 774)",vehicle_classification/frames_with_vehicles/frame_14.jpg
15,car,Volkswagen Beetle back 2012,Hatch,White,0.073,"(2358, 899, 2565, 1078)",vehicle_classification/frames_with_vehicles/frame_14.jpg
16,car,Toyota Corolla  2012,Sedan,Black,0.142,"(725, 1409, 1414, 2050)",vehicle_classification/frames_with_vehicles/frame_15.jpg
16,car,BMW X5  2007,SUV,White,0.455,"(1232, 1029, 1740, 1454)",vehicle_classification/frames_with_vehicles/frame_15.jpg
16,car,FIAT 500 Abarth 2012,,Black,0.079,"(2188, 1190, 2816, 1778)",vehicle_classification/frames_with_vehicles/frame_15.jpg
16,car,Dodge Caravan  1997,Minivan,White,0.137,"(2040, 889, 2428, 1238)",vehicle_classification/frames_with_vehicles/frame_15.jpg
16,car,Spyker C8  2009,Convertible,White,0.086,"(1129, 1349, 1633, 1846)",vehicle_classification/frames_with_vehicles/frame_15.jpg
16,car,BMW 3 Series  2012,Wagon,Black,0.127,"(34, 682, 392, 968)",vehicle_classification/frames_with_vehicles/frame_15.jpg
16,truck,HUMMER H3T  2010,Crew Cab,White,0.041,"(313, 531, 637, 854)",vehicle_classification/frames_with_vehicles/frame_15.jpg
16,car,Nissan Leaf back 2012,Hatch,White,0.043,"(1297, 859, 1674, 1075)",vehicle_classification/frames_with_vehicles/frame_15.jpg
16,car,Toyota Corolla  2012,Sedan,White,0.166,"(617, 581, 817, 765)",vehicle_classification/frames_with_vehicles/frame_15.jpg
16,car,Aston Martin V8 tage Coupe 2012,Van,White,0.041,"(488, 2041, 1079, 2154)",vehicle_classification/frames_with_vehicles/frame_15.jpg
16,bus,Ram C/V Cargo  Minivan 2012,Van,White,0.083,"(2129, 452, 2426, 713)",vehicle_classification/frames_with_vehicles/frame_15.jpg
16,car,Chrysler 300 RT-8 2010,S,White,0.035,"(2222, 1069, 2683, 1321)",vehicle_classification/frames_with_vehicles/frame_15.jpg
16,car,Ford Freestar  2007,Minivan,White,0.232,"(2236, 813, 2562, 1076)",vehicle_classification/frames_with_vehicles/frame_15.jpg
16,truck,Audi A5  2012,Coupe,White,0.037,"(2289, 1752, 3358, 2136)",vehicle_classification/frames_with_vehicles/frame_15.jpg
16,car,Nissan Leaf back 2012,Hatch,White,0.063,"(2095, 688, 2445, 893)",vehicle_classification/frames_with_vehicles/frame_15.jpg
16,car,Toyota Corolla  2012,Sedan,White,0.038,"(1449, 775, 1783, 1073)",vehicle_classification/frames_with_vehicles/frame_15.jpg
16,car,Nissan Leaf back 2012,Hatch,White,0.116,"(1395, 667, 1679, 852)",vehicle_classification/frames_with_vehicles/frame_15.jpg
16,car,Infiniti G  IPL 2012,Coupe,White,0.224,"(767, 577, 968, 725)",vehicle_classification/frames_with_vehicles/frame_15.jpg
16,car,Land Rover LR2  2012,SUV,White,0.029,"(2302, 1753, 3350, 2147)",vehicle_classification/frames_with_vehicles/frame_15.jpg
16,car,Scion xD back 2012,Hatch,White,0.236,"(2447, 590, 2625, 767)",vehicle_classification/frames_with_vehicles/frame_15.jpg
16,car,Infiniti G  IPL 2012,Coupe,White,0.265,"(767, 577, 901, 722)",vehicle_classification/frames_with_vehicles/frame_15.jpg
16,car,FIAT 500 Abarth 2012,,White,0.220,"(832, 585, 976, 713)",vehicle_classification/frames_with_vehicles/frame_15.jpg
16,car,Audi A5  2012,Coupe,White,0.066,"(965, 623, 1089, 683)",vehicle_classification/frames_with_vehicles/frame_15.jpg
16,car,BMW 1 Series  2012,Coupe,White,0.050,"(1313, 614, 1432, 691)",vehicle_classification/frames_with_vehicles/frame_15.jpg
16,car,Toyota Corolla  2012,Sedan,White,0.066,"(876, 584, 971, 709)",vehicle_classification/frames_with_vehicles/frame_15.jpg
17,car,BMW X5  2007,SUV,White,0.509,"(1230, 1033, 1741, 1458)",vehicle_classification/frames_with_vehicles/frame_16.jpg
17,car,Toyota Corolla  2012,Sedan,Black,0.177,"(723, 1415, 1420, 2054)",vehicle_classification/frames_with_vehicles/frame_16.jpg
17,car,Spyker C8  2009,Convertible,Black,0.068,"(1126, 1351, 1628, 1855)",vehicle_classification/frames_with_vehicles/frame_16.jpg
17,car,Dodge Caravan  1997,Minivan,White,0.155,"(2039, 891, 2430, 1238)",vehicle_classification/frames_with_vehicles/frame_16.jpg
17,car,FIAT 500 Abarth 2012,,Black,0.095,"(2196, 1193, 2822, 1781)",vehicle_classification/frames_with_vehicles/frame_16.jpg
17,car,BMW 3 Series  2012,Wagon,Black,0.128,"(36, 680, 396, 966)",vehicle_classification/frames_with_vehicles/frame_16.jpg
17,car,Nissan Leaf back 2012,Hatch,White,0.083,"(1297, 855, 1684, 1075)",vehicle_classification/frames_with_vehicles/frame_16.jpg
17,car,Toyota Corolla  2012,Sedan,White,0.095,"(619, 580, 818, 765)",vehicle_classification/frames_with_vehicles/frame_16.jpg
17,truck,HUMMER H3T  2010,Crew Cab,White,0.041,"(314, 529, 637, 853)",vehicle_classification/frames_with_vehicles/frame_16.jpg
17,car,Ford Freestar  2007,Minivan,White,0.179,"(2233, 810, 2565, 1079)",vehicle_classification/frames_with_vehicles/frame_16.jpg
17,bus,Ram C/V Cargo  Minivan 2012,Van,White,0.069,"(2129, 452, 2425, 713)",vehicle_classification/frames_with_vehicles/frame_16.jpg
17,car,Volkswagen Beetle back 2012,Hatch,White,0.038,"(486, 2047, 1075, 2153)",vehicle_classification/frames_with_vehicles/frame_16.jpg
17,car,Chrysler 300 RT-8 2010,S,White,0.025,"(2223, 1069, 2685, 1326)",vehicle_classification/frames_with_vehicles/frame_16.jpg
17,car,Scion xD back 2012,Hatch,White,0.088,"(2072, 688, 2448, 896)",vehicle_classification/frames_with_vehicles/frame_16.jpg
17,truck,Nissan Leaf back 2012,Hatch,White,0.049,"(2287, 1756, 3356, 2137)",vehicle_classification/frames_with_vehicles/frame_16.jpg
17,car,Nissan Leaf back 2012,Hatch,White,0.132,"(1393, 667, 1681, 853)",vehicle_classification/frames_with_vehicles/frame_16.jpg
17,car,Toyota Corolla  2012,Sedan,White,0.054,"(1450, 774, 1784, 1073)",vehicle_classification/frames_with_vehicles/frame_16.jpg
17,car,Audi A5  2012,Coupe,White,0.037,"(2299, 1757, 3351, 2147)",vehicle_classification/frames_with_vehicles/frame_16.jpg
17,car,Infiniti G  IPL 2012,Coupe,White,0.121,"(769, 579, 971, 726)",vehicle_classification/frames_with_vehicles/frame_16.jpg
17,car,Audi A5  2012,Coupe,White,0.064,"(965, 623, 1090, 682)",vehicle_classification/frames_with_vehicles/frame_16.jpg
17,car,BMW 1 Series  2012,Coupe,White,0.046,"(1313, 615, 1431, 690)",vehicle_classification/frames_with_vehicles/frame_16.jpg
17,car,Infiniti G  IPL 2012,Coupe,White,0.136,"(770, 578, 901, 730)",vehicle_classification/frames_with_vehicles/frame_16.jpg
17,car,FIAT 500 Abarth 2012,,White,0.162,"(838, 586, 978, 714)",vehicle_classification/frames_with_vehicles/frame_16.jpg
17,car,Geo Metro  1993,Convertible,White,0.092,"(879, 590, 972, 709)",vehicle_classification/frames_with_vehicles/frame_16.jpg
